#Section,Key,Description,Text,,
Common,common_button_cancel,Cancel (button label),Cancel,,
Common,common_button_close,Close (button label),Close,,
Common,common_button_ok,OK (button label),OK,,
Common,common_button_go,Go (button label),Go,,
Common,common_paging_control_firstPage,Move to First Page (tool tip),Move to First Page,,
Common,common_paging_control_prevPage,Move to the page before the current page (tool tip),Move to Previous Page,,
Common,common_paging_control_nextPage,Move to the page after the current page (tool tip),Move to Next Page,,
Common,common_paging_control_lastPage,Move to Last Page (tool tip),Move to Last Page,,
Common,common_paging_control_changePageSize,The number of entries to be displayed per page (field label),Show {0},,
Common,common_label_yes,Yes,Yes,,
Common,common_label_no,No,No,,
Common,common_label_back,Back,Back,,
Common,common_add,Add,Add,,
Common,common_view,View,View,,
Common,common_option_selectOne,Used in select drop-downs to prompt for a choice,Select One,,
#List Management common,,,,,
List Management,listMgmtCommon_title,,List Management,,
List Management,listMgmtCommon_listID,The list ID (column and field label),List ID,,
List Management,listMgmtCommon_listName,The list name (column and field label),List Name,,
List Management,listMgmtCommon_listDescription,The list description (column and field  label),Description,,
List Management,listMgmtCommon_entryCount,The number of active entries in the list (column label),Entry Count,,
List Management,listMgmtCommon_versionEntries,The number of entries imported in this version - including deleted (column and field label),Loaded Changes,,
List Management,listMgmtCommon_version,The version number of the latest active list (column and field label),Version,,
List Management,listMgmtCommon_lastLoadedDate,The load date of the latest active list version (column label),Last Loaded,,
List Management,listMgmtCommon_loadedBy,The label of the user who loaded the latest active list version (column label),Loaded By,,
List Management,listMgmtCommon_creationDate,The date the list was created (field label),Creation Date,,
List Management,listMgmtCommon_createdBy,The name of the user who created the list (field label),Created By,,
List Management,listMgmtCommon_latestVersion,The latest (active?) list version (field label),Latest Version,,
List Management,listMgmtCommon_isActive,The check boxes in the column indicate whether the list is active (column label),Is Active,,
List Management,listMgmtCommon_loadType,The type of load - full or delta (column label),Load Type,,
List Management,listMgmtCommon_delete,The check boxes in the column indicate whether to delete the list version (column label),Delete,,
List Management,listMgmtCommon_button_backToLists,Return to the list of lists (button and tool tip),Back to Lists,,
List Management,listMgmtCommon_button_saveChanges,Save changes (button label),Save Changes,,
List Management,listMgmtCommon_button_approve,Approve changes (button label),Approve,,
List Management,listMgmtCommon_button_reject,Reject changes (button label),Reject,,
List Management,listMgmtCommon_category_public,Filters public lists (menu item and tab),Public,,
List Management,listMgmtCommon_category_restricted,Filters restricted lists (menu item and tab),Restricted,,
List Management,listMgmtCommon_category_confidential,Filters confidential lists (menu item and tab),Confidential,,
List Management,listMgmtCommon_textTitle_needsReview,There is a version of the list that needs review,Needs Review,,
List Management,listMgmtCommon_requiresReview,Whether the list requires review when edited,Requires Review,,
List Management,listMgmtCommon_versionStatus,The status of this list version,Status,,
List Management,listMgmtCommon_versionStatus_DRAFT,The display literal for DRAFT status,Draft,,
List Management,listMgmtCommon_versionStatus_REVIEW,The display literal for REVIEW status,In Review,,
List Management,listMgmtCommon_versionStatus_OBSOLETE,The display literal for OBSOLETE status,Obsolete,,
List Management,listMgmtCommon_versionStatus_INACTIVE,The display literal for INACTIVE status,Inactive,,
List Management,listMgmtCommon_versionStatus_ACTIVE,The display literal for ACTIVE status,Active,,
List Management,listMgmtCommon_notes,The label for the notes feature,Notes,,
List Management,listMgmtCommon_addNote,The label for adding a note,Add Note,,
List Management,listMgmtCommon_button_LookupBU,tooltip for Lookup Business Unit,Lookup Business Unit,,
#List Create,,,,,
List Management,listCreate_createErrorMessage_listNameRequired,(error message),The list name is required.  Please enter a list name to create the list.,,
List Management,listCreate_createErrorMessage_genericError,(error message),There was an error creating the list.  Verify that you have assigned a unique List ID.  Retry with a different List ID or contact your system administrator.,,
List Management,listCreate_createErrorMessage_listIdRequired,(error message),The list id is required.  Please enter a list id to create the list.,,
List Management,listCreate_validate_listIdRequired,(content of message window),List Id is required.,,
List Management,listCreate_validate_listIdApostrophe,(content of message window), List Id contains an apostrophe. Please enter a list id without an apostrophe.,,
List Management,listCreate_validate_systemError,(content of message window),List Id is missing in the form.  Contact your system administrator.,,
List Management,listCreate_button_createList,Create a new watch list (button label),Create List,,
List Management,listManagement_title,,Watch Lists,,
#WatchList Details,,,,,
List Management,watchListDetails_title,Title of page containing details of one watch list; and a list of its versions (page title),Watch List Details,,
List Management,watchListDetails_button_editListDetails,Edit the list (versions) (button label) ,Edit List Details,,
List Management,watchListDetails_button_editList,Create draft version (button label) ,Edit List,,
List Management,watchListDetails_button_removeList,Delete the list (button label),Remove List,,
List Management,watchListDetails_button_importVersion,Import a new version of the list (button label),Import Version,,
List Management,watchListDetails_button_textTitle_importVersion,Cannot import versions if a draft/review version exists.,You cannot import a new version if a current version is in Draft or Review status.,,
List Management,watchListDetails_tableTitle_listVersions,The list of versions for a list (table title),List Versions,,
List Management,watchListDetails_versionAction_EDIT,The display literal for the Edit action,Edit,,
List Management,watchListDetails_versionAction_REVIEW,The display literal for the Review action,Review,,
List Management,watchListDetails_updateStatus,The display literal for the update status link,Update Status,,
#Edit WatchList Details,,,,,
List Management,editWatchListDetails_title,title of the page used to edit watch list details; such as the list description; as well as to mange list versions. (page title),Edit Watch List Details,,
List Management,editWatchListDetails_confirmDelete,(confirmation message),Are you sure you want to delete the selected version(s)?,,
#WatchList Entries,,,,,
List Management,watchListEntries_title,Title for the page listing the entities in a list version  (page title),Watch List Entries,,
List Management,watchListEntries_specificVersion,Title identifying the version of the list that is being displayed; the date it was loaded; and the user that loaded it   (page title),Displaying Entries for Version: {0} ({1}) Loaded On: {2} By: {3},,
List Management,watchListEntries_button_backToListDetails,Button that returns the user to the list details page (button label),Back to List Details,,
List Management,watchListEntries_button_filter,Button that opens the Filter Entries window that enables the user to specify filter criteria (button label),Filter,,
List Management,watchListEntries_title_filter,tool tip for the button used to filter entries (tool tip),Filter Entries,,
List Management,watchListEntries_title_approve,tool tip for the button used to approve entries (tool tip),Approve Selected Entries,,
List Management,watchListEntries_title_reject,tool tip for the button used to reject entries (tool tip),Reject Selected Entries,,
List Management,watchListEntries_button_deleteRestore,Button that deletes/restores the selected entries (button label),Delete/Restore,,
List Management,watchListEntries_title_deleteRestore,tool tip for the button used to delete/restore entries (tool tip),Delete or Restore Selected Entries,,
List Management,watchListEntries_alert_mustSelectAtLeastOneEntry,alert the user that one entry must be selected,One or more entries must be selected to perform this action.,,
List Management,watchListEntries_alert_onlyOneEntry,alert the user that only one entry can be selected,Select one entry to perform this action.,,
List Management,watchListEntries_alert_noEditDeletedEntries,alert the user that deleted entries cannot be edited,You cannot edit a deleted entry.  Restore the entry before editing it.,,
List Management,watchListEntries_button_newEntry,Button that opens the Add Entry window that enables the user to add a new entry (button label),New,,
List Management,watchListEntries_title_newEntry,tool tip for the button used to add new entries (tool tip),Add a New Entry,,
List Management,watchListEntries_button_editEntry,Button that opens the Edit Entry window that enables the user to edit an existing entry (button label),Edit,,
List Management,watchListEntries_title_editEntry,tool tip for the button used to edit an existing entry (tool tip),Edit the Selected Entry,,
List Management,watchListEntries_filtered,Label on the List Entries page that indicates that the list is currently filtered,Filtered,,
List Management,watchListEntries_tableTitle_listEntries,title of the table containing the list of entries,List Entries,,
List Management,watchListEntries_entryID,(column label),Entry ID,,
List Management,watchListEntries_fullName,The full name of the person; organization etc.(column label),Full Name,,
List Management,watchListEntries_entityType,Type of entity; e.g. person; organization (column label),Entity Type,,
List Management,watchListEntries_categories,The categories to which the entity belongs; for example terrorism; crime-financial (column label),Categories,,
List Management,watchListEntries_keywords,(column label),Keywords,,
List Management,watchListEntries_isDeleted,(column label),Is Deleted,,
List Management,watchListEntries_modifiedBy,(column label),Modified By,,
List Management,watchListEntries_reviewStatus,(column label),Review,,
List Management,watchListEntries_reviewStatus_NONE,The display literal for no review status,None,,
List Management,watchListEntries_reviewStatus_APPROVED,The display literal for review status Approved,Approved,,
List Management,watchListEntries_reviewStatus_REJECTED,The display literal for review status Rejected,Rejected,,
List Management,watchListEntries_displayCounts,Identifies which entries are currently displayed in the page ,Entries {0} - {1} (of {2}),,
#WatchList Entry,,,,,
List Management,watchListEntry_title_page,The title of the watch list entry details page (page title),Watch List Entry,,
List Management,watchListEntry_title_close,"Tool tip of the ""Close"" button which closes the list entry details page and returns to the list of entries(tool tip)",Back to List Entries,,
List Management,watchListEntry_button_previous,Display the previous entry in the list (button label),Previous,,
List Management,watchListEntry_button_next,Display the next entry in the list (button label),Next,,
List Management,watchListEntry_title_previous,Tool tip for the button which displays the previous entry in the list (tool tip),Previous Entry,,
List Management,watchListEntry_title_next,Tool tip for the button which displays the next entry in the list (tool tip),Next Entry,,
List Management,watchListEntry_alias,All aliases by which the person is known (field label),Alias,,
List Management,watchListEntry_citizenship,(field label)  ,Citizenship,,
List Management,watchListEntry_nationality,(field label),Nationality,,
List Management,watchListEntry_deceased,Indicates whether or not the person has died (field label),Deceased,,
List Management,watchListEntry_deceasedDate,The date the person died (field label),Deceased Date,,
List Management,watchListEntry_gender,Specifies the person's gender - male or female (field label),Gender,,
List Management,watchListEntry_title,The person's title; e.g. Dr.; (field label),Title,,
List Management,watchListEntry_position,The person's position; e.g. cabinet minister; member of parliament  (field label),Position,,
List Management,watchListEntry_birthdate,The date the person was born  (field label),Birthdate,,
List Management,watchListEntry_birthplace,The place where the person was born (field label),Birthplace,,
List Management,watchListEntry_ID,The person's or organization ID number or code (field label),ID,,
List Management,watchListEntry_age,The age of the person (field label),Age,,
List Management,watchListEntry_ageAsOfDate,The date the age of the person was recorded (field label),Age As Of Date,,
List Management,watchListEntry_address,The person's or organization address (field label),Address,,
List Management,watchListEntry_additionalInfo,Any additional information (field label),Additional Info,,
#Filter Entries,,,,,
List Management,filterEntries_title,Title of the window used to specify Filter Criteria (window title),Filter Entries,,
List Management,filterEntries_contains,Used when specifying that a field value should contain a certain string (part of field label),contains,,
List Management,filterEntries_category, (part of field label),Category,,
List Management,filterEntries_keyword,(part of field label),Keyword,,
List Management,filterEntries_nameOrAlias,(part of field label),Name or Alias,,
List Management,filterEntries_country,(part of field label),Country,,
List Management,filterEntries_idNumber,(part of field label),ID Number,,
List Management,filterEntries_entryUpdateDate,Only select entries that were updated on or after the specified date (field label),Entry updated on or after,,
List Management,filterEntries_entryUpdateDateFormat,"Text displayed after the ""Entry updated on or after"" field which indicates the format in which the date is to be specified (text after field)",(MM/DD/YYYY) format,,
List Management,filterEntries_title_cancel,close the filter window without filtering (tool tip),Return to Entries,,
List Management,filterEntries_button_clear,Clears the content of all fields in the Filter window (button label),Clear,,
List Management,filterEntries_title_clear,Clears the content of all fields in the Filter window (tool tip),Clear Filter,,
List Management,filterEntries_visibility,,Visibility,,
#Import List,,,,,
List Management,importList_selectFile,Select a file to upload (field label),Select a file to upload to this list.,,
List Management,importList_button_upload,The button the user clicks to start the file upload process (button label),Upload,,
List Management,importList_finished,Message displayed after the user clicks the upload button (message in window),The file - {0} ({1} bytes) has been submitted for upload.  Please check the Jobs Monitor List Load page for the progress of the import.,,
List Management,importList_fileRequired,Message displayed when a user clicks the upload button without first selecting a file (message in warning window),You must select a file to upload.  Please select a file or close the window to cancel the import.,,
#Remove List,,,,,
List Management,removeList_title,title of the list deletion confirmation page(page title),Remove List,,
List Management,removeList_confirm,(confirmation question text),Are you sure you want to remove this list?,,
List Management,removeList_result_success,The list was removed successful (message text),Remove List Successful.,,
List Management,removeList_result_failure,The system failed to remove the list (message text),Remove List Failed.,,
List Management,removeList_result_title,(page title),Remove List Status,,
#Update Status,,,,,
List Management,updateStatus_title,Title of the window used to Update version status (window title),Update Status,,
List Management,updateStatus_currentStatus,label for showing the current version status (part of field label),Current Status,,
List Management,updateStatus_changeToStatus,label for changing to another status (part of field label),Change to Status,,
List Management,updateStatus_changeTo_DRAFT,label for changing to draft status(part of drop down),Draft,,
List Management,updateStatus_changeTo_REVIEW,label for changing to review status(part of drop down),In Review,,
List Management,updateStatus_changeTo_READY,label for changing to active status(part of drop down),Active,,
List Management,updateStatus_removeReviewMarks,label for prompt to remove all approvals and rejections when moving to draft status (part of field label),Remove all approvals/rejections,,
#Notes,,,,,
List Management,addNote_noteRequired,note is required,A note is required to complete this action.,,
List Management,viewNotes_title,title for the view notes popup,View Notes,,
List Management,viewNotes_noteDate,column heading for view notes,Note Date,,
List Management,viewNotes_enteredBy,column heading for view notes,Entered By,,
List Management,viewNotes_note,column heading for view notes,Note,,
List Management,viewNotes_noRows,message when there are no notes to display,No records to show,,
List Management,viewNotes_by, selected note heading,By,,
List Management,viewNotes_date,selected note heading,Date,,
#Add Edit Entry,,,,,
List Management,watchListAddEditEntry_title_page_add,The title of the watch list entry details page in add mode (page title),New Watch List Entry,,
List Management,watchListAddEditEntry_title_page_edit,The title of the watch list entry details page in edit mode (page title),Edit Watch List Entry,,
List Management,watchListAddEditEntry_createErrorMessage_genericError,(error message),There was an error saving changes for this entry. Contact your system administrator.,,
List Management,watchListAddEditEntry_createErrorMessage_entryIdRequired,(error message),The entry id is required.,,
List Management,watchListAddEditEntry_createErrorMessage_entryIdInUse,(error message),The entry id is already in use.  Please choose a different entry id.,,
List Management,watchListAddEditEntry_createErrorMessage_entryTypeInvalid,(error message),The entry type must be Person, Organization, or Country.
List Management,watchListAddEditEntry_createErrorMessage_nameRequired,(error message),The name is required.,,
List Management,watchListAddEditEntry_createErrorMessage_idValueRequired,(error message),The ID value is required when the ID type is entered.,,
List Management,watchListAddEditEntry_createErrorMessage_dobIncorrectFormat,(error message),The Date of Birth is in an invalid format.  Please enter the date in format {0}.,,
List Management,watchListAddEditEntry_createErrorMessage_deceasedDateIncorrectFormat,(error message),The Deceased Date is in an invalid format.  Please enter the date in format {0}.,,
List Management,watchListAddEditEntry_createErrorMessage_ageAsOfDateIncorrectFormat,(error message),The Age As Of Date is in an invalid format.  Please enter the date in format {0}.,,
List Management,watchListAddEditEntry_createErrorMessage_yobNotNumeric,(error message),The Year of Birth is not numeric.  Please enter a valid year of birth.,,
List Management,watchListAddEditEntry_createErrorMessage_addInfoBothRequired,(error message),Additional info type and value are required if either are entered.,,
List Management,watchListAddEditEntry_createErrorMessage_customFieldDateIncorrectFormat,(error message),{0} is in an invalid format.  Please enter the date in format {1}.,,
List Management,watchListAddEditEntry_createErrorMessage_editDateTimeConflict,(error message),Another user has changed this entry since you began editing it.  Please cancel these changes and select this entry for edit again to see the latest changes.,,
List Management,watchListAddEditEntry_createErrorMessage_versionStatusUpdated,(error message),This list is no longer available for editing.  Please cancel and make the list available for editing to make this change.,,
List Management,watchListAddEditEntry_entryType_PERSON,label for select for entry type PERSON,Person,,
List Management,watchListAddEditEntry_entryType_ORGANIZATION,label for select for entry type ORGANIZATION,Organization,,
List Management,watchListAddEditEntry_entryType_COUNTRY,label for select for entry type COUNTRY,Country,,
List Management,watchListAddEditEntry_name,The name of the person; organization etc.(column label),Name,,
List Management,watchListAddEditEntry_ORGANIZATION_name_1,The name of the company(column label),Company Name,,
List Management,watchListAddEditEntry_COUNTRY_name_1,The name of the country(column label),Country Name,,
List Management,watchListAddEditEntry_PERSON_name_1,The first name of the person (column label),First Name,,
List Management,watchListAddEditEntry_middleName,The middle name of the person(column label),Middle Name,,
List Management,watchListAddEditEntry_lastName,The last name of the person(column label),Last Name,,
List Management,watchListAddEditEntry_maidenName,The maiden name of the person(column label),Maiden Name,,
List Management,watchListAddEditEntry_addressStreet1,The street address 1(column label),Street Address 1,,
List Management,watchListAddEditEntry_addressStreet2,The street address 2(column label),Street Address 2,,
List Management,watchListAddEditEntry_addressCity,The address city(column label),City,,
List Management,watchListAddEditEntry_addressState,The address state(column label),State,,
List Management,watchListAddEditEntry_addressPostalCode,The address postal code(column label),Postal Code,,
List Management,watchListAddEditEntry_addressCountry,The address country(column label),Country,,
List Management,watchListAddEditEntry_idType,The id type(column label),ID Type,,
List Management,watchListAddEditEntry_idValue,The id value(column label),ID Value,,
List Management,watchListAddEditEntry_idCountry,The id country(column label),ID Country,,
List Management,watchListAddEditEntry_nationalityCountry,The nationality country(column label),Country,,
List Management,watchListAddEditEntry_birthplaceCountry,The birthplace country(column label),Country,,
List Management,watchListAddEditEntry_birthplacePlace,The birthplace place - city/state/province(column label),Place,,
List Management,watchListAddEditEntry_birthdateDOB,The full birthdate (column label),Date of Birth,,
List Management,watchListAddEditEntry_birthdateYear,The birthdate year(column label),Year of Birth,,
List Management,watchListAddEditEntry_gender_MALE,label for select for gender MALE,Male,,
List Management,watchListAddEditEntry_gender_FEMALE,label for select for gender FEMALE,Female,,
List Management,watchListAddEditEntry_keywordKeyword,The keyword (column label),Keyword,,
List Management,watchListAddEditEntry_categoryCategory,The category(column label),Category,,
List Management,watchListAddEditEntry_addInfoType,The additional info type (column label),Type,,
List Management,watchListAddEditEntry_addInfoValue,The additional info value (column label),Value,,
#Compare Entry,,,,,
List Management,compareEntry_reviewErrorMessage_genericError,(error message),There was an error completing the review for this entry. Contact your system administrator.,,
List Management,compareEntry_newEntry,label for new entries,**New Entry**,,
List Management,compareEntry_deletedEntry,label for deleted entries,**ENTRY IS DELETED**,,
List Management,compareEntry_lastUpdatedBy,label for update info for the entry,Last Updated by {0} {1},,
List Management,compareEntry_previousEntry,label for the previous column,Previous,,
List Management,compareEntry_dataDeleted,label for value deleted in the draft version,**Deleted**,,
#############################,,,,,
#### Monitor Plugin STARTS,,,,,
Job Monitor,monitor_button_filter,On monitor page (button label),Filter,,
Job Monitor,monitor_button_refresh,monitor button to refresh the display  (button label),Refresh,,
Job Monitor,monitor_label_showing,Indicates which monitor jobs are currently displayed,Showing {0} - {1} (of {2}),,
Job Monitor,monitor_label_completed,Title of job monitor page (first part of page title),Completed,,
Job Monitor,monitor_label_jobs,Title of job monitor page displaying completed job (second part of page title),Jobs,,
Job Monitor,monitor_label_jobid,On job monitor page (column label),Job ID,,
Job Monitor,monitor_label_jobname,On job monitor page (column label),Job Name,,
Job Monitor,monitor_label_jobtype,The type of job; e.g. scheduled batch scan (column label),Job Type,,
Job Monitor,monitor_label_jobstate,The state of the job - e.g. finalizing; startup (column label),State,,
Job Monitor,monitor_label_submitdate,On job monitor page (column label),Submit Date,,
Job Monitor,monitor_label_username,On job monitor page (column label),User Name,,
Job Monitor,monitor_label_businessunit,On job monitor page (column label),Business Unit,,
Job Monitor,monitor_label_completiondate,On job monitor page (column label),Completion Date,,
Job Monitor,monitor_label_suspect,On job monitor page (column label),No. of Suspect Items,,
Job Monitor,monitor_label_processed,On job monitor page (column label),No. of Processed Items,,
Job Monitor,monitor_label_links,Name of the column containing hyperlinks to the output files and alerts (column label),Links,,
Job Monitor,monitor_label_outputfiles,If the job is configured to generate output files; this links to the output files (hyperlink label),Output Files,,
Job Monitor,monitor_label_time,,Time,,
Job Monitor,monitor_label_numberOfSegments,On job monitor page (column label),Number of Segments,,
Job Monitor,monitor_label_segmentId,On job monitor page (column label),Segment ID,,
Job Monitor,monitor_label_pending,,In Progress,,
Job Monitor,monitor_label_cancel,On job monitor page (column label),Cancel,,
Job Monitor,monitor_label_cancelalert,(confirmation message),Are You Sure You Want to Cancel Job:,,
Job Monitor,monitor_label_etl,Title of page used to monitor the progress of list loads (part of page title),List Load,,
Job Monitor,monitor_label_listid,On List Load monitor page (column label),List ID,,
Job Monitor,monitor_label_listname,On List Load monitor page (column label),List Name,,
Job Monitor,monitor_label_listver,On List Load monitor page (column label),List Version,,
Job Monitor,monitor_label_loadtype,On List Load monitor page (column label),Load Type,,
Job Monitor,monitor_label_processstate,On List Load monitor page; the state of the load process e.g. FINISHED_SUCCESS or FINISHED_FAILURE (column label),Process State,,
Job Monitor,monitor_label_entries,On List Load monitor page ; total number of entries loaded  (column label),No. of Entries Loaded,,
Job Monitor,monitor_label_startdate,On List Load monitor page (column label),Start Load Date,,
Job Monitor,monitor_label_clear,,Clear,,
Job Monitor,monitor_label_contains,,contains,,
Job Monitor,monitor_label_detailsheader,(page title),Job Details For Job ID:,,
Job Monitor,monitor_label_searchconfig,job details page (field label),Search Configuration,,
Job Monitor,monitor_label_searchdef,job details page (field label),Search Definition,,
Job Monitor,monitor_label_scanmode,job details page (field label),Scan Mode,,
Job Monitor,monitor_label_inputfile,job details page (field label),Input File Name,,
Job Monitor,monitor_label_outputtype,job details page - the job output types; e.g. alerts; output files; tuning log (field label),Output Type,,
Job Monitor,monitor_label_alerts,Possible value for the monitor_label_outputtype field (field value),Alerts,,
Job Monitor,monitor_label_outputfile,Possible value for the monitor_label_outputtype field (field value),Output File,,
Job Monitor,monitor_label_tuninglog,Possible value for the monitor_label_outputtype field (field value),Tuning Log,,
Job Monitor,monitor_label_suppressHits,job details page (field label),Suppress Hits,,
Job Monitor,monitor_label_filterDuplicates,job details page (field label),Filter Duplicates,,
Job Monitor,monitor_label_on,on a specified date,On,,
Job Monitor,monitor_label_before,before a specified date,Before,,
Job Monitor,monitor_label_after,after a specified date,After,,
Job Monitor,monitor_label_dateformat,the date format,MM/DD/YYYY Format,,
Job Monitor,monitor_label_full,Possible value for the scan type field (field value),Full,,
Job Monitor,monitor_label_delta,Possible value for the scan type field (field value),Delta,,
Job Monitor,monitor_label_lud,,Last Updated Date,,
Job Monitor,od_title_filterjobs,,Filter Jobs,,
Job Monitor,od_msg_filtered,,Filtered,,
Job Monitor,monitor_status_STARTUP,,STARTUP,,
Job Monitor,monitor_status_SCANNING,,SCANNING,,
Job Monitor,monitor_status_FINALIZING,,FINALIZING,,
Job Monitor,monitor_status_FINISHED_SUCCESS,,FINISHED_SUCCESS,,
Job Monitor,monitor_status_FINISHED_FAILURE,,FINISHED_FAILURE,,
Job Monitor,monitor_status_FINISHED_SUCCESS_WITH_ERRORS,,FINISHED_SUCCESS_WITH_ERRORS,,
Job Monitor,monitor_status_CANCELED,,CANCELED,,
Job Monitor,monitor_status_PENDING,,PENDING,,
Job Monitor,job_type_List Loading,,List Loading,,
Job Monitor,job_type_List Synchronization,,List Synchronization,,
Job Monitor,job_type_Scheduled Batch Scan,,Scheduled Batch Scan,,
Job Monitor,job_type_Self Service Batch Scan,,Self Service Batch Scan,,
Job Monitor,job_type_On Demand,,On Demand,,
Job Monitor,job_type_Real-time,,Real-time,,
Job Monitor,job_type_Batch Message Screening,,Batch Message Screening,,
Job Monitor,monitor_label_in_progress_jobs,rcm blue title for plugin,In Progress Jobs,,
Job Monitor,monitor_label_in_progress_jobs_admin,rcm blue title for plugin,In Progress Jobs Administration,,
Job Monitor,monitor_label_completed_jobs,rcm blue title for plugin,Completed Jobs,,
Job Monitor,monitor_label_completed_jobs_admin,rcm blue title for plugin,Completed Jobs Administration,,
Job Monitor,monitor_label_list_load_jobs,rcm blue title for plugin,List Load Jobs,,
Job Monitor,monitor_label_list_load_jobs_admin,rcm blue title for plugin,List Load Jobs Administration,,
Job Monitor,monitor_label_list_load_filter,filter list name translation,List Name contains,,
Job Monitor,monitor_label_jobs_filter,filter job name translation,Job Name contains,,
Job Monitor,monitor_label_job_type_filter,filter job type translation,Job Type contains,,
#Self Service Batch,,,,,
Self Service Batch,ssb_error_download,,Error downloading the file. The file doesn't exist or you don't have the right to download it.,,
Self Service Batch,ssb_job_submitted,(message text),Job submitted.,,
#Cancel Job,,,,,
Self Service Batch,ssb_cancel_success,,{0} successfully canceled.,,
Self Service Batch,ssb_cancel_failure,,{0} is not canceled. The job might be already running. Please contact your Administrator.,,
Self Service Batch,ssb_cancel_confirm,,Warning: You are about to cancel a self service batch job ({0}). Do you want to continue?,,
Self Service Batch,ssb_cancel_nojob,,No job selected. Please use the Monitor screen.,,
Self Service Batch,ssb_file_list,,List of files to download,,
#Upload Finished,,,,,
Self Service Batch,ssb_reference,(message text),Reference numbers,,
Self Service Batch,ssb_stagingId,(message text),Staging Id,,
Self Service Batch,ssb_queueId,(message text),Queue Id,,
#Main Page,,,,,
Self Service Batch,ssb_dateInvalid,,Please fill in the date with a correct format.,,
Self Service Batch,ssb_emptyFileName,(Warning message text) ,Please choose a file to upload.,,
Self Service Batch,ssb_emptyJobName,(Warning message text) ,Please enter a Job Name.,,
Self Service Batch,ssb_jobNameTooLong,(Warning message text) ,The Job Name should be less than 255 characters.,,
Self Service Batch,ssb_jobNameInvalidChars,(Warning message text) ,Job name can contain only: latin alpha; numbers; underscores; and hyphens,,
Self Service Batch,ssb_noScanConfigSelected,(Warning message text) ,Please select a Search Configuration.,,
Self Service Batch,ssb_main_title,(page title),Self Service Batch,,
Self Service Batch,ssb_literal_jobName,(field label),Job Name,,
Self Service Batch,ssb_literal_inputFile,(field label),Input File,,
Self Service Batch,ssb_literal_partySource,Used to select a file layout file from a list  (field label),File Layout,,
Self Service Batch,ssb_literal_searchConfig,(field label),Search Definition,,
Self Service Batch,ssb_literal_suppressHits,(field label),Suppress Hits,,
Self Service Batch,ssb_literal_searchMode,(field label),Search Mode,,
Self Service Batch,ssb_literal_fullSearchMode,possible value for the searchMode option (option button label),Full,,
Self Service Batch,ssb_literal_deltaSearchMode,possible value for the searchMode option (option button label),Delta,,
Self Service Batch,ssb_literal_deltaUpdateDate,(field label),Last Updated On or After Date,,
Self Service Batch,ssb_literal_outputType,(field label),Output Type,,
Self Service Batch,ssb_literal_otGenerateAlerts,possible value for the outputType field (field value),Generate alerts,,
Self Service Batch,ssb_literal_otGenerateFile,possible value for the outputType field (field value),Generate output file,,
Self Service Batch,ssb_button_submit,(button label),Submit,,
Self Service Batch,ssb_button_reset,(button label),Reset,,
Self Service Batch,ssb_config_id,(filed label) from Self Service Batch Search configuration details,Configuration Id,,
Self Service Batch,ssb_config_name,(filed label) from Self Service Batch Search configuration details,Configuration Name,,
Self Service Batch,ssb_min_hit_score,(filed label) from Self Service Batch Search configuration details,Minimum Hit Score,,
Self Service Batch,ssb_watchlist_id,(filed label) from Self Service Batch Search configuration details,Watchlist Id,,
Self Service Batch,ssb_keywords,(filed label) from Self Service Batch Search configuration details,Keywords,,
Self Service Batch,ssb_impact,(filed label) from Self Service Batch Search configuration details,Impact,,
Self Service Batch,ssb_categories,(filed label) from Self Service Batch Search configuration details,Categories,,
Self Service Batch,ssb_show_details,displays details of selected search definition (link label),Show Details,,
Self Service Batch,ssb_hide_details,hides details of selected search definition (link label),Hide Details,,
Self Service Batch,ssb_person_hit_threshold,,Person Hit Threshold,,
Self Service Batch,ssb_organization_hit_threshold,,Organization Hit Threshold,,
Self Service Batch,ssb_country_hit_threshold,,Country Hit Threshold,,
Self Service Batch,ssb_person_nm_algorithm,,Person Name Matching Algorithm,,
Self Service Batch,ssb_organization_nm_algorithm,,Organization Name Matching Algorithm,,
Self Service Batch,sd_def_id,,Definition Id,,
Self Service Batch,sd_def_name,,Definition Name,,
Self Service Batch,sd_filter,,Filter,,
Self Service Batch,common_literal_loading_msg,,Loading...Please Wait...,,
Self Service Batch,ssb_impact_INCLUDE,,INCLUDE,,
Self Service Batch,ssb_impact_EXCLUDE,,EXCLUDE,,
Self Service Batch,ssb_bu_for_alert,,Business Unit for Alert Distribution,,
# On-Demand Plugin,,,,,
On-Demand,od_cust_det,(page title),Customer Details,,
On-Demand,od_req_field,(text on window),Required Field,,
On-Demand,od_srch_def,In customer details page. The search definition is selected from a list. (field label),Search Definition,,
On-Demand,od_show_det,displays details of selected search definition (link label),Show Details,,
On-Demand,od_hide_det,hides details of selected search definition (link label),Hide Details,,
On-Demand,od_srch_mode,(field label),Search Mode,,
On-Demand,od_full,possible value for srch_mode (field value),Full,,
On-Demand,od_delta,possible value for srch_mode (field value),Delta,,
On-Demand,od_cust_type,selected from list; e.g. organization; person  (field value),Customer Type,,
On-Demand,od_person,possible value for cust_type (field value),Person,,
On-Demand,od_org,possible value for cust_type (field value),Organization,,
On-Demand,od_unknown,possible value for cust_type (field value),Unknown,,
On-Demand,od_name,Before the Full Name; First Name etc. fields (field group heading),Name,,
On-Demand,od_full_name,(field label),Full Name,,
On-Demand,od_last_name,(field label),Last Name,,
On-Demand,od_first_name,(field label),First Name,,
On-Demand,od_ids,(field label),IDs,,
On-Demand,od_id_type,selected from list; e.g. Driver License; Medical ID (field label),ID Type,,
On-Demand,od_id_val,(field label),ID Value,,
On-Demand,od_id_country,The country which issued the ID (field label),ID Country,,
On-Demand,od_addr,Before the Street address; city etc. fields (field group heading),Address,,
On-Demand,od_str_addr,(field label),Street Address,,
On-Demand,od_city,(field label),City,,
On-Demand,od_state,(field label),State,,
On-Demand,od_country,(field label),Country,,
On-Demand,od_birth_country,Country the person was born in (field label),Birth Country,,
On-Demand,od_dob,Before the Street address; city etc. fields (fields heading and field group heading ),Date of Birth,,
On-Demand,od_yob,(field label),Year of Birth,,
On-Demand,od_gender,Selected from list with values male; female; unknown (field label),Gender,,
On-Demand,od_gender_MALE,,Male,,
On-Demand,od_gender_FEMALE,,Female,,
On-Demand,od_gender_UNKNOWN,,Unknown,,
On-Demand,od_custom_field,,Custom Field,,
On-Demand,od_submit_wlf,(button label),Submit to Watch List Filter,,
On-Demand,od_reset,,Reset,,
On-Demand,od_def_id,(field label) from search definition details,Definition Id,,
On-Demand,od_def_name,(field label) from search definition details,Definition Name,,
On-Demand,od_pht,(field label) from search definition details,Person Hit Threshold,,
On-Demand,od_cht,(field label) from search definition details,Country Hit Threshold,,
On-Demand,od_oht,(field label) from search definition details,Organization Hit Threshold,,
On-Demand,od_conf_id,(field label) from search definition details,Configuration Id,,
On-Demand,od_conf_name,(field label) from search definition details,Configuration Name,,
On-Demand,od_watch_id,(field label) from search definition details,Watchlist Id,,
On-Demand,od_keywords,(field label) from search definition details,Keywords,,
On-Demand,od_cats,(field label) from search definition details,Categories,,
On-Demand,od_impact,,Impact,,
On-Demand,od_impact_HIGH,,HIGH,,
On-Demand,od_impact_MEDIUM,,MEDIUM,,
On-Demand,od_impact_LOW,,LOW,,
On-Demand,od_impact_CORRECTIVE,,CORRECTIVE,,
On-Demand,od_hits_detected,(field label) from search definition results,Hit(s) Detected,,
On-Demand,od_hit_id,(field label) from search definition results,Hit ID,,
On-Demand,od_list,,List,,
On-Demand,od_cat,(field label) from search definition results,Category,,
On-Demand,od_match,The  field (s) whose value matches the search specification (field label) from search definition results,Match,,
On-Demand,od_hit_score,,Hit Score,,
On-Demand,od_hit_info,(heading for group of fields),Hit Information,,
On-Demand,od_names,(field label) from search definition results hit information,Names,,
On-Demand,od_addrs,,Addresses,,
On-Demand,od_type,,Type,,
On-Demand,od_value,,Value,,
On-Demand,od_score,,Score,,
On-Demand,od_lud,The date the list containing the person was last updated (field label) from search definition results hit information,List Update Date,,
On-Demand,od_eud,The date the entry was last updated (field label) from search definition results hit information,Entry Update Date,,
On-Demand,od_addl_info,(heading for group of fields),Additional Information,,
On-Demand,od_comp,(field label) from search definition results additional information,Company,,
On-Demand,od_linked_to,(field label) from search definition results additional information,Linked To,,
On-Demand,od_ext_src,(field label) from search definition results additional information,External Source,,
On-Demand,od_further_info,(field label) from search definition results additional information,Further Information,,
On-Demand,od_profile_notes,(field label) from search definition results additional information,ProfileNotes,,
On-Demand,od_image,(field label) from search definition results additional information,Image,,
On-Demand,od_previous_roles,(field label) from search definition results additional information,Previous Roles,,
On-Demand,od_other_roles,(field label) from search definition results additional information,Other Roles,,
On-Demand,od_sanction_references,(field label) from search definition results additional information,Sanction References,,
On-Demand,od_tracking_number,(field label) from search definition results additional information,Tracking Number,,
On-Demand,od_phone_number,(field label) from search definition results additional information,Phone Numbers,,
On-Demand,od_factor,,Factor,,
On-Demand,od_no_hits,,No Hit(s) Detected,,
On-Demand,od_hit_score_det,Pop-up window heading,Hit Score Details,,
On-Demand,od_sel_one,,Select One,,
On-Demand,od_month_jan,,January,,
On-Demand,od_month_feb,,February,,
On-Demand,od_month_mar,,March,,
On-Demand,od_month_apr,,April,,
On-Demand,od_month_may,,May,,
On-Demand,od_month_jun,,June,,
On-Demand,od_month_jul,,July,,
On-Demand,od_month_aug,,August,,
On-Demand,od_month_sep,,September,,
On-Demand,od_month_oct,,October,,
On-Demand,od_month_nov,,November,,
On-Demand,od_month_dec,,December,,
On-Demand,od_today,,Today,,
On-Demand,od_msg_enter_lud,,You must enter Last Update Date,,
On-Demand,od_msg_cor_lud,,Please correct Last Update Date,,
On-Demand,od_msg_enter_fun,,You must enter Full Name,,
On-Demand,od_msg_enter_ln,,You must enter Last Name,,
On-Demand,od_msg_enter_fin,,You must enter First Name,,
On-Demand,od_msg_cor_dob,,The Date of Birth must be entered in {0} format,,
On-Demand,od_msg_cor_yob,,Please correct Year of Birth,,
On-Demand,od_msg_betn_yob,,Year of Birth must be between 1900 and,,
On-Demand,od_msg_err,,Error running On-Demand Search.  Please try again in a few minutes. If the problem persists, contact your system administrator.,
On-Demand,External Source,,External Source,,
On-Demand,Linked To,,Linked To,,
On-Demand,Further Information,,Further Information,,
On-Demand,ProfileNotes,,ProfileNotes,,
On-Demand,Company,,Company,,
On-Demand,Image,,Image,,
On-Demand,Previous Roles,,Previous Roles,,
On-Demand,Other Roles,,Other Roles,,
On-Demand,Sanction References,,Sanction References,,
On-Demand,Phone Numbers,,Phone Numbers
On-Demand,Tracking Number,,Tracking Number
On-Demand,match_type_NAME,,NAME,,
On-Demand,match_type_ID,,ID,,
On-Demand,match_type_COUNTRY,,COUNTRY,,
On-Demand,od_ecd,The date the entry was first created (field label),Entry Created Date,,
On-Demand,od_printable,Printable Version,Printable Version,,
On-Demand,od_printtitle,Printable window title,Print On-Demand Hits,,
